--17.02.2026
--tund nr 1

-- teeme andmebaasi e db
create database IKT25tar

--andmebaasi valimine
use IKT25tar

--andmebaasi kustutamine koodiga
--otsida kood ³lesse
drop database IKT25tar

--teeme uuesti andmebaasi IKT25tar
create database IKT25tar

--teeme tabeli
create table Gender
(
--Meil on muutuja Id,
--mis on tõisarv andmet³³p,
--kui sisestad andmed, 
--siis see veerg peab olema tõidetud,
--tegemist on primaarv§tmega
Id int not null primary key,
--veeru nimi on Gender,
--10 tõhemõrki on max pikkus,
--andmed peavad olema sisestatud e 
--ei tohi olla t³hi
Gender nvarchar(10) not null
)

--andmete sisestamine Gender tabelisse
--proovige ise teha
-- Id = 1, Gender = Male
-- Id = 2, Gender = Female
insert into Gender (Id, Gender)
values (1, 'Male'),
(2, 'Female')

--vaatame tabeli sisu
-- * tõhendab, et nõita k§ike seal sees olevat infot
select * from Gender

--teeme tabeli nimega Person
--veeru nimed: Id int not null primary key,
-- Name nvarchar (30)
-- Email nvarchar (30)
--GenderId int
create table Person
(
Id int not null primary key,
Name nvarchar(30),
Email nvarchar(30),
GenderId int
)

--18.02.2026
--tund nr 2

insert into Person (Id, Name, Email, GenderId)
values (1, 'Superman', 's@s.com', 2),
(2, 'Wonderwoman', 'w@w.com', 1),
(3, 'Batman', 'b@b.com', 2),
(4, 'Aquaman', 'a@a.com', 2),
(5, 'Catwoman', 'c@c.com', 1),
(6, 'Antman', 'ant"ant.com', 2),
(8, NULL, NULL, 2)

--nõen tabelis olevat infot
select * from Person

--v§§rv§tme ³henduse loomine kahe tabeli vahel
alter table Person add constraint tblPerson_GenderId_FK
foreign key (GenderId) references Gender(Id)

-- kui sisestad uue rea andmeid ja ei ole sisestanud GenderId alla 
-- võõrtust, siis automaatselt sisestab sellele reale võõrtuse 3
-- e unknown
alter table Person
add constraint DF_Persons_GenderId
default 3 for GenderId

insert into Gender (Id, Gender)
values (3, 'Unknown')

insert into Person (Id, Name, Email, GenderId)
values (7, 'Black Panther', 'b@b.com', NULL)

insert into Person (Id, Name, Email)
values (9, 'Spiderman', 'spider@man.com')

select * from Person

--piirnagu kustutamine
alter table Person
drop constraint DF_Persons_GenderId

--kuidas lisada veergu tabelile Person
--veeru nimi on Age nvarchar(10)
alter table Person
add Age nvarchar(10)

alter table Person
add constraint CK_Person_Age check (Age > 0 and Age < 155)

-- kuidas uuendada andemeid
update Person
set Age = 159
where Id = 7

select * from Person

--soovin kustutada ³he rea
-- kuidas seda teha????
delete from Person where Id = 8

select * from Person

--lisame uue veeru City nvarchar(50)
alter table Person
add City nvarchar(50)

--k§ik, kes elavad Gothami linnas
select * from Person where City = 'Gotham'
-- k]ik, kes ei ela Gothamis
select * from Person where City != 'Gotham'
-- variant nr 2. K]ik, kes ei ela Gothamis
select * from Person where City <> 'Gotham'

--nõitab teatud vanusega inimesi
-- valime 151, 35, 26
select * from Person where Age in (151, 35, 26)
select * from Person where Age = 151 or Age = 35 or Age = 26

-- soovin nõha inimesi vahemikus 22 kuni 41
select * from Person where Age between 22 and 41

--wildcard e nõitab k§ik g-tõhega linnad
select * from Person where City like 'g%'
--otsib emailid @-mõrgiga
select * from Person where Email like '%@%'

--tahan nõha, kellel on emailis ees ja peale @-mõrki ³ks tõht
select * from Person where Email like '_@_.com'

--k§ik, kelle nimes ei ole esimene tõht W, A, S
select * from Person where Name like '[^WAS]%'

--k]ik, kes elavad Gothamis ja New Yorkis
select * from Person where (City = 'Gotham' or City = 'New York')

-- k]ik, kes elavad Gothamis ja New Yorkis ning peavad olema 
-- vanemad, kui 29
select * from Person where (City = 'Gotham' or City = 'New York')
and Age >= 30

--kuvab tõhestikulises jõrjekorras inimesi ja v§tab aluseks 
-- Name veeru
select * from Person
select * from Person order by Name

--v§tab kolm esimest rida Person tabelist
select top 3 * from Person

--tund 3
--25.02.2026
--kolm esimest, aga tabeli jõrjestus on Age ja siis Name
select top 3 Age, Name from Person

--nõita esimesed 50% tabelist
select top 50 percent * from Person
select * from Person

--jõrjestab vanuse jõrgi isikud
select * from Person order by Age desc

--muudab Age muutuja int-ks ja nõitab vanuselises jõrjestuses
-- cast abil saab andmet³³pi muuta
select * from Person order by cast(Age as int) desc

-- k§ikide isikute koondvanus e liidab k§ik kokku
select sum(cast(Age as int)) from Person

--k§ige noorem isik tuleb ³les leida
select min(cast(Age as int)) from Person

--k§ige vanem isik
select max(cast(Age as int)) from Person

--muudame Age muutuja int peale
-- nõeme konkreetsetes linnades olevate isikute koondvanust
select City, sum(Age) as TotalAge from Person group by City

--kuidas saab koodiga muuta andmet³³pi ja selle pikkust
alter table Person 
alter column Name nvarchar(25)

-- kuvab esimeses reas võlja toodud jõrjestuses ja kuvab Age-i 
-- TotalAge-ks
--jõrjestab City-s olevate nimede jõrgi ja siis Genderid jõrgi
--kasutada group by-d ja order by-d
select City, GenderId, sum(Age) as TotalAge from Person
group by City, GenderId
order by City

--nõitab, et mitu rida andmeid on selles tabelis
select count(*) from Person

--nõitab tulemust, et mitu inimest on Genderid võõrtusega 2
--konkreetses linnas
--arvutab vanuse kokku selles linnas
select GenderId, City, sum(Age) as TotalAge, count(Id) as 
[Total Person(s)] from Person
where GenderId = '1'
group by GenderId, City

--nõitab õra inimeste koondvanuse, mis on ³le 41 a ja
--kui palju neid igas linnas elab
--eristab inimese soo õra
select GenderId, City, sum(Age) as TotalAge, count(Id) as 
[Total Person(s)] from Person
where GenderId = '2'
group by GenderId, City having sum(Age) > 41

--loome tabelid Employees ja Department
create table Department
(
Id int primary key,
DepartmentName nvarchar(50),
Location nvarchar(50),
DepartmentHead nvarchar(50)
)

create table Employees
(
Id int primary key,
Name nvarchar(50),
Gender nvarchar(50),
Salary nvarchar(50),
DepartmentId int
)

insert into Employees (Id, Name, Gender, Salary, DepartmentId)
values (1, 'Tom', 'Male', 4000, 1),
(2, 'Pam', 'Female', 3000, 3),
(3, 'John', 'Male', 3500, 1),
(4, 'Sam', 'Male', 4500, 2),
(5, 'Todd', 'Male', 2800, 2),
(6, 'Ben', 'Male', 7000, 1),
(7, 'Sara', 'Female', 4800, 3),
(8, 'Valarie', 'Female', 5500, 1),
(9, 'James', 'Male', 6500, NULL),
(10, 'Russell', 'Male', 8800, NULL)

insert into Department(Id, DepartmentName, Location, DepartmentHead)
values 
(1, 'IT', 'London', 'Rick'),
(2, 'Payroll', 'Delhi', 'Ron'),
(3, 'HR', 'New York', 'Christie'),
(4, 'Other Department', 'Sydney', 'Cindrella')

select * from Department
select * from Employees

---
select Name, Gender, Salary, DepartmentName
from Employees
left join Department
on Employees.DepartmentId = Department.Id
---

--arvutab k]ikide palgad kokku Employees tabelist
select sum(cast(Salary as int)) from Employees --arvutab k§ikide palgad kokku
-- k§ige võiksema palga saaja
select min(cast(Salary as int)) from Employees

--nõitab veerge Location ja Palka. Palga veerg kuvatakse TotalSalary-ks
--teha left join Department tabeliga
--grupitab Locationiga
select Location, sum(cast(Salary as int)) as TotalSalary
from Employees
left join Department
on Employees.DepartmentId = Department.Id
group by Location


-- 4 tund
-- 03.03.26

select * from Employees
select sum(cast(Salary as int)) from Employees  --arvutab k§ikide palgad kokku

-- lisame veeru City ja pikkus on 30
-- Employees tabelisse lisada
alter table Employees
add City nvarchar(30)

select City, Gender, sum(cast(Salary as int)) as TotalSalary 
from Employees
group by City, Gender

--peaaegu sama põring, aga linnad on tõhestikulises jõrjestuses
select City, Gender, sum(cast(Salary as int)) as TotalSalary 
from Employees 
group by City, Gender 
order by City

select * from Employees
--on vaja teada, et mitu inimest on nimekirjas selles tabelis
select count (*) from Employees

--mitu t÷÷tajat on soo ja linna kaupa t÷÷tamas
select City, Gender, sum(cast(Salary as int)) as TotalSalary,
count (Id) as [Total Employee(s)]
from Employees 
group by Gender, City 

--kuvab kas naised v§i mehed linnade kaupa
--kasutage where
select City, Gender, sum(cast(Salary as int)) as TotalSalary,
count (Id) as [Total Employee(s)]
from Employees 
where Gender = 'Female'
group by Gender, City 

--sama tulemuse nagu eelmine kord, aga kasutage: having
select City, Gender, sum(cast(Salary as int)) as TotalSalary,
count (Id) as [Total Employee(s)]
from Employees 
group by Gender, City 
having Gender = 'Female'

--k§ik, kes teenivad rohkem, kui 4000
select * from Employees where sum(cast(Salary as int)) > 4000

--teeme variandi, kus saame tulemuse
select Gender, City, sum(cast(Salary as int)) as TotalSalary,
count (Id) as [Total Employee(s)]
from Employees 
group by Gender, City 
having sum(cast(Salary as int)) > 4000

--loome tabeli, milles hakatakse automaatselt nummerdama Id-d
create table Test1
(
Id int identity(1,1),
Value nvarchar(20)
)

insert into Test1 values('X')
select * from Test1


--5 tund
--04.03.26

--kustutame veeru nimega City Employee tabelist
alter table Employees
drop column City


--inner join 
--kuvab neid, kellel on DepartmentName all olemas võõrtus
--mitte kattuvad read eemaldatakse tulemusest
-- ja sellepõrast ei nõidata Jamesi ja Russelit tabelis
--kuna neil on DepartmentId NULL
select Name, Gender, Salary, DepartmentName
from Employees
inner join Department
on Employees.DepartmentId = Department.Id

-- left join
select Name, Gender, Salary, DepartmentName
from Employees
left join Department  --v§ib kasutada ka LEFT OUTER JOIN-i
on Employees.DepartmentId = Department.Id
--uurige, mis on left join
--nõitab andmeid, kus vasakpoolsest tabelist isegi, siis kui seal puudub
--v§§rv§tme reas võõrtus

--right join
select Name, Gender, Salary, DepartmentName
from Employees
right join Department  --v§ib kasutada ka RIGHT OUTER JOIN-i
on Employees.DepartmentId = Department.Id
--right join nõitab paremas (Department) tabelis olevaid võõrtuseid,
--mis ei ³hti vasaku (Employees) tabeliga

--outer join
select Name, Gender, Salary, DepartmentName
from Employees
full outer join Department
on Employees.DepartmentId = Department.Id
--m§lema tabeli read kuvab

--teha cross join
select Name, Gender, Salary, DepartmentName
from Employees
cross join Department
--korrutab k§ik omavahel lõbi

--teha left join, kus Employees tabelist DepartmentId on null
select Name, Gender, Salary, DepartmentName
from Employees
left join Department
on Employees.DepartmentId = Department.Id
where Employees.DepartmentId is null

--teine variant ja sama tulemus
select Name, Gender, Salary, DepartmentName
from Employees
left join Department
on Employees.DepartmentId = Department.Id
where Department.Id is null
-- nõitab ainult neid, kellel on vasakus tabelis (Employees)
-- DepartmentId null

select Name, Gender, Salary, DepartmentName
from Employees
right join Department
on Employees.DepartmentId = Department.Id
where Employees.DepartmentId is null
--nõitab ainult paremas tabelis olevat rida, 
--mis ei kattu Employees-ga.

--full join
--m§lema tabeli mitte-kattuvate võõrtustega read kuvab võlja
select Name, Gender, Salary, DepartmentName
from Employees
full join Department
on Employees.DepartmentId = Department.Id
where Employees.DepartmentId is null
or Department.Id is null

--teete AdventureWorksLT2019 andmebaasile join p'ringuid:
--inner join, left join, right join, cross join ja full join
--tabeleid sellesse andmebaasi juurde ei tohi teha

--M§nikord peab muutuja ette kirjutama tabeli nimetuse nagu on Product.Name,
--et editor saaks aru, et kummma tabeli muutujat soovitakse kasutada ja ei tekiks
--segadust
select Product.Name as [Product Name], ProductNumber, ListPrice, 
ProductModel.Name as [Product Model Name], 
Product.ProductModelId, ProductModel.ProductModelId
--m§nikord peab ka tabeli ette kirjutama tõpsustama info
--nagu on SalesLt.Product
from SalesLt.Product
inner join SalesLt.ProductModel
--antud juhul Producti tabelis ProductModelId v§§rv§ti,
--mis ProductModeli tabelis on primaarv§ti
on Product.ProductModelId = ProductModel.ProductModelId

--rida 412
--6 tund
--12.03.26

--isnull funktsiooni kasutamine
select isnull('Ingvar', 'No Manager') as Manager

-- NULL asemel kuvab No Manager
select coalesce(NULL, 'No Manager') as Manager

alter table Employees
add ManagerId int

--neile, kellel ei ole ³lemust, siis paneb neile No Manager teksti
--kasutage left joini
select  E.Name as Employee, isnull(M.Name, 'No Manager') as Manager
from Employees E
left join Employees M
on E.ManagerId = M.Id

--kasutame inner joini
--kuvab ainult ManagerId all olevate isikute võõrtuseid
select E.Name as Employee, M.Name as Manager
from Employees E
inner join Employees M
on E.ManagerId = M.Id

--k§ik saavad k§ikide ³lemused olla
select E.Name as Employee, M.Name as Manager
from Employees E
cross join Employees M

--lisame Employees tabelisse uued veerud
alter table Employees
add MiddleName nvarchar(30)

alter table Employees
add LastName nvarchar(30)

--muudame olemasoleva veeru nimetust
sp_rename 'Employees.Name', 'FirstName'

update Employees
set FirstName = 'Tom', MiddleName = 'Nick', LastName = 'Jones'
where Id = 1

update Employees
set FirstName = 'Pam', MiddleName = NULL, LastName = 'Anderson'
where Id = 2

update Employees
set FirstName = 'John', MiddleName = NULL, LastName = NULL
where Id = 3

update Employees
set FirstName = 'Sam', MiddleName = NULL, LastName = 'Smith'
where Id = 4

update Employees
set FirstName = NULL, MiddleName = 'Todd', LastName = 'Someone'
where Id = 5

update Employees
set FirstName = 'Ben', MiddleName = 'Ten', LastName = 'Sven'
where Id = 6

update Employees
set FirstName = 'Sara', MiddleName = NULL, LastName = 'Connor'
where Id = 7

update Employees
set FirstName = 'Valarie', MiddleName = 'Balerine', LastName = NULL
where Id = 8

update Employees
set FirstName = 'James', MiddleName = '007', LastName = 'Bond'
where Id = 9

update Employees
set FirstName = NULL, MiddleName = NULL, LastName = 'Crowe'
where Id = 10

--igast reast v§tab esimesena tõidetud lahtri ja kuvab ainult seda
--coalesce
select * from Employees
select Id, coalesce(FirstName, MiddleName, LastName) as Name
from Employees

--loome kaks tabelit
create table IndianCustomers
(
Id int identity(1,1),
Name nvarchar(25),
Email nvarchar(25)
)

create table UKCustomers
(
Id int identity(1,1),
Name nvarchar(25),
Email nvarchar(25)
)

--sisestame tabelisse andmeid
insert into IndianCustomers (Name, Email)
values ('Raj', 'R@R.com'),
('Sam', 'S@S.com')

insert into UKCustomers (Name, Email)
values ('Ben', 'B@B.com'),
('Sam', 'S@S.com')

select * from IndianCustomers
select * from UKCustomers

--kasutame union all, mis nõitab k§iki ridu
--union all ³hendab tabelid ja nõitab sisu
select Id, Name, Email from IndianCustomers
union all
select Id, Name, Email from UKCustomers

--korduvate võõrtustega read pannakse ³hte ja ei korrata
select Id, Name, Email from IndianCustomers
union
select Id, Name, Email from UKCustomers

--kasutad union all, aga sorteerid nime jõrgi
select Id, Name, Email from IndianCustomers
union all
select Id, Name, Email from UKCustomers
order by Name

--stored procedure
--tavaliselt pannakse nimetuse ette sp, mis tõhendab stored procedure
create procedure spGetEmployees
as begin
	select FirstName, Gender from Employees
end

--n³³d saab kasutada selle nimelist sp-d
spGetEmployees
exec spGetEmployees
execute spGetEmployees

create proc spGetEmployeesByGenderAndDepartment
--@ tõhendab muutujat
@Gender nvarchar(20),
@DepartmentId int
as begin
	select FirstName, Gender, DepartmentId from Employees where Gender = @Gender
	and DepartmentId = @DepartmentId
end

--kui n³³d allolevat kõsklust kõima panna, siis n§uab gender parameetrit
spGetEmployeesByGenderAndDepartment

--§ige variant
spGetEmployeesByGenderAndDepartment 'Female', 1

--niimoodi saab sp kirja pandud j'rjekorrast m÷÷da minna, kui ise paned muutuja paika
spGetEmployeesByGenderAndDepartment @DepartmentId = 1, @Gender = 'Male'

---saab vaadata sp sisu result vaates
sp_helptext spGetEmployeesByGenderAndDepartment

--kuidas muuta sp-d ja panna sinna v]ti peale, et keegi teine peale teie ei saaks muuta
--kuskile tuleb lisada with encryption
alter proc spGetEmployeesByGenderAndDepartment   
@Gender nvarchar(20),  
@DepartmentId int 
with encryption
as begin  
 select FirstName, Gender, DepartmentId from Employees where Gender = @Gender  
 and DepartmentId = @DepartmentId  
end

--sp tegemine
create proc spGetEmployeeCountByGender
@Gender nvarchar(20),
@EmployeeCount int output
as begin
	select @EmployeeCount = count(Id) from Employees where Gender = @Gender
end

--annab tulemuse, kus loendab õra n§uetele vastavad read
--prindib ka tulemuse kirja teel
--tuleb teha declare muutuja @TotlaCount, mis on int
declare @TotalCount int
--execute spGetEmployeeCountByGender sp, kus on parameetrid Male ja TotalCount
execute spGetEmployeeCountByGender 'Male', @TotalCount out
--if ja else, kui TotalCount = 0, siis tuleb tekst TotalCount is null
if(@TotalCount = 0)
	print '@TotalCount is null'
else
	print '@Total is not null'
print @TotalCount
--l]pus kasuta print @TotalCounti puhul

--- 7 tund
--- 17.03.2026
-- nõitab õra, mitu rida vastab n§uetele

-- deklareerime muutuja @TotalCount, mis on int andmet³³p
declare @TotalCount int
-- kõivitame stored procedure spGetEmployeeCountByGender, kus on parameetrid
-- @EmployeeCount = @TotalCount out ja @Gender 
execute spGetEmployeeCountByGender @EmployeeCount = @TotalCount out, @Gender = 'Female'
--prindib konsooli võlja, kui TotalCount on null v§i mitte null
print @TotalCount

--sp sisu vaatamine
sp_help spGetEmployeeCountByGender
-- tabeli info vaatamine
sp_help Employees
--kui soovid sp teksti nõha
sp_helptext spGetEmployeeCountByGender

-- vaatame, millest s§ltub meie valitud sp
sp_depends spGetEmployeeCountByGender
-- nõitab, et sp s§ltub Employees tabelist, kuna seal on count(Id) 
-- ja Id on Employees tabelis

--vaatame tabelit
sp_depends Employees

--teeme sp, mis annab andmeid Id ja Name veergude kohta Employees tabelis
create proc spGetNameById
@Id int,
@Name nvarchar(20) output
as begin
	select @Id = Id, @Name = FirstName from Employees
end

--annab kogu tabeli ridade arvu
create proc spTotalCount2
@TotalCount int output
as begin
	select @TotalCount = count(Id) from Employees
end

-- on vaja teha uus põring, kus kasutame spTotalCount2 sp-d, 
-- et saada tabeli ridade arv

-- tuleb deklareerida muutuja @TotalCount, mis on int andmet³³p
declare @TotalEmployees int
--tuleb execute spTotalCount2, kus on parameeter @TotalEmployees
exec spTotalCount2 @TotalEmployees output
select @TotalEmployees

--mis Id all on keegi nime jõrgi
create proc spGetNameById1
@Id int,
@FirstName nvarchar(20) output
as begin
	select @FirstName = FirstName from Employees where Id = @Id
end

--annab tulemuse, kus id 1(seda numbrit saab muuta) real on keegi koos nimega
--print tuleb kasutada, et nõidata tulemust
declare @FirstName nvarchar(20)
execute spGetNameById1 3, @FirstName output
print 'Name of the employee = ' + @FirstName

--- tehke sama, mis eelmine, aga kasutage spGetNameById sp-d
--FirstName l§pus on outdeclare 
declare @FirstName nvarchar(20)
execute spGetNameById 1, @FirstName out
print 'Name = ' + @FirstName

--output tagastab muudetud read kohe p'ringu tulemsuena
--see on salvestatud protseduuris ja ³he võõrtuse tagastamine
--out ei anna mitte midagi, kui seda ei mõõra execute kõsus

--rida 668
--tund 8

sp_help spGetNameById

create proc spGetNameById2
@Id int
--kui on begin, siis on ka end kuskil olemas
as begin 
return (select FirstName from Employees where Id = @Id)
end

--tuleb veateade kuna kutsusime võlja int-i, aga Tom on nvarchar
declare @EmployeeName nvarchar(50)
execute @EmployeeName = spGetNameById2 1
print 'Name of the employee = ' + @EmployeeName


--sisseehitatud string funktsioonid
--see konverteerib ASCII tõhe võõrtuse numbriks
select ASCII('A')

select char(122)

--prindime kogu tõhestiku võlja
declare @start int = 97;
--kasutate while, et nõidata kogu tõhestik ette
while @start <= 122
begin
   print char(@start)
   set @start = @start + 1
end

--eemaldame t³hjad kohad sulgudes
select ('                     Hello')
select LTRIM('                     Hello')

--t³hikute eemaldamine veerust, mis on tabelis
select LTRIM(FirstName), MiddleName, LastName from Employees
--eemaldage t³hikud FirstName veerust õra

--paremalt poolt t³hjad stringid l§ikab õra
select RTRIM('      Hello       ')

--keerab kooloni sees olevad andmed vastupidiseks
--vastavalt loweriga ja upperiga saan muuta mõrkide suurust
--reverse funktsioon p÷÷rab k§k ³mber
select REVERSE(upper(ltrim(FirstName))) as FirstName, MiddleName, lower(LastName),
RTRIM(LTRIM(FirstName)) + ' ' + MiddleName + ' ' + LastName as FullName
from Employees

--left, right substring
--vasakult poolt neil esimest tõhte
select LEFT('ABCDEF', 4)
--paremalt poolt kolm tõhte
select right('ABCDEF', 3)

--kuvab @-tõhemõrgi asetust e mitmes on esitatud tõhemõrk
select CHARINDEX('@', 'sara@aaa.com')

--esimene nr peale komakohta nõitab, et mitmendast alustab ja 
--siis mitu nr peale seda kuvada
select SUBSTRING('pam@bbb.com', 5, 2)

--@ mõrgist kuvab kolm tõhemõrki. Viimase numbri saa mõõrata pikkust
select SUBSTRING('pam@bbb.com', CHARINDEX('@', 'pam@bbb.com') + 1, 3)

--peale @ mõrki hakkab kuvama tulemust, nr saab kaugust seadistada
select SUBSTRING('pam@bbb.com', CHARINDEX('@', 'pam@bbb.com') + 2, 
LEN('pam@bbb.com') - CHARINDEX('@', 'pam@bbb.com'))

alter table Employees
add Email nvarchar(20)

update Employees set Email = 'Tom@aaa.com' where Id = 1;
update Employees set Email = 'Pam@bbb.com' where Id = 2;
update Employees set Email = 'John@aaa.com' where Id = 3;
update Employees set Email = 'Sam@bbb.com' where Id = 4;
update Employees set Email = 'Todd@bbb.com' where Id = 5;
update Employees set Email = 'Ben@ccc.com' where Id = 6;
update Employees set Email = 'Sara@ccc.com' where Id = 7;
update Employees set Email = 'Valarie@aaa.com' where Id = 8;
update Employees set Email = 'James@bbb.com' where Id = 9;
update Employees set Email = 'Russel@bbb.com' where Id = 10;

--soovime teada saada deomeeninimesid emailides
select SUBSTRING(Email, CHARINDEX('@', Email) + 1,
len(Email) - charindex('@', Email)) as EmailDomain
from Employees

--alates teisest tõhest emailis kuni @ mõrgini on tõrnid
SELECT FirstName, LastName,
substring(Email, 1, 2) + replicate('*', 5) +
substring(Email, charindex('@', Email), len(Email) - charindex('@', Email)+1) as Email
from Employees

--kolm korda nõitab stringis olevat võõrtust
select REPLICATE('asd', 3)

--t³hiku sisestamine
select SPACE(5)

--t³hiku sisestamine FirstName ja LastName vahele
select FirstName + SPACE(25) + LastName as FullName
from Employees

--PATINDEX
--sama, mis charindex, aga d³naamilisem ja saab kasutada wildcardi
select Email, PATINDEX('%@aaa.com', Email) as FirstOccurence
from Employees
where PATINDEX('%@aaa.com', Email) > 0
--leian k§ik selle domeeni esindajad ja alates mitmendas mõrgist algab @

--k§ik .com emailid asendab .net
SELECT Email, REPLACE(Email, '.com', '.net') as ConvertedEmail
FROM Employees

--soovin asendada peale esimest mõrki kolm tõhte viie tõrniga
SELECT FirstName, LastName, Email,
STUFF(Email, 2, 3, '*****') as StuffedEmail
from Employees

create table DateTime
(
c_time time,
c_date date,
c_smalldatetime smalldatetime,
c_datetime datetime,
c_datetime2 datetime2,
c_datetimeoffset datetimeoffset
)

select * from DateTime

--konkreetse masina kellaaeg
select getdate(), 'GETDATE'

insert into DateTime
values (GETDATE(), GETDATE(), GETDATE(), GETDATE(), GETDATE(), GETDATE())
select * from DateTime

update DateTime set c_datetimeoffset = '2026-04-08 14:49:28.1933333 +10:00'
where c_datetimeoffset = '2026-03-19 14:25:09.8900000 +00:00'

select CURRENT_TIMESTAMP, ' CURRENT_TIMESTAMP' --aja põring
select SYSDATETIME(), 'SYSDATETIME' --veel tõpsem aja põring
SELECT SYSDATETIMEOFFSET(), 'SYSDATETIMEOFFSET' --tõpne aeg koos ajalise nihkega
select GETUTCDATE(), 'GETUTCDATE' --UTC aeg

--saab kontrollida, kas on §ige andmet³³p
select ISDATE('asd') --tagastab 0 kuna string ei ole date
select ISDATE(GETDATE()) --kuidas saada vastuseks 1 isdate puhul?
select ISDATE('2026-04-08 14:49:28.1933333') --tagastab 0 kuna max kolm komakohta v§ib olla
select ISDATE('2026-04-08 14:49:28.193') --tagastab 1
select DAY(GETDATE()) --annab tõnase põeva nr
select DAY('01/24/2026') --annab stringis oleva kp ja jõrjestus peab olema §ige
select month(GETDATE()) --annab jooksva kuu nr
select month('01/24/2026') --annab stringis oleva kuu ja jõrjestus peab olema §ige
select year(GETDATE()) --annab tõnase aasta nr
select year('01/24/2026') --annab stringis oleva aasta ja jõrjestus peab olema §ige

select DATENAME(DAY, '2026-04-08 14:49:28.1933333') --annab stringis oleva põeva nr
select DATENAME(WEEKDAY, '2026-04-08 14:49:28.1933333') --annab stringis oleva põeva s§nana
select DATENAME(MONTH, '2026-04-08 14:49:28.1933333') --annab stringis oleva kuu s§nana

create table EmployeesWithDates
(
Id nvarchar(2),
Name nvarchar(20),
DateOfBirth datetime
)

INSERT INTO EmployeesWithDates (Id, Name, DateOfBirth) VALUES 
('1', 'Sam', '1980-12-30 00:00:00'),
('2', 'John', '1985-08-21 20:36:26'),
('3', 'John', '1985-08-21 20:33:36'),
('4', 'Sara', '1979-11-29 12:59:30.67');





